product_id,product_name,category,brand,release_year
S001,Samsung Galaxy Tab S8 Ultra,Smartphone,Samsung,2023
S002,Samsung Galaxy Tab S8+,Smartphone,Samsung,2021
S003,Samsung Galaxy S23,Smartphone,Samsung,2023
S004,Samsung Galaxy Tab S8,Smartphone,Samsung,2023
S005,Samsung Galaxy A54,Smartphone,Samsung,2021
S006,Samsung Galaxy A04s,Smartphone,Samsung,2021
S007,Samsung Galaxy F54,Smartphone,Samsung,2023
S008,Samsung Galaxy Tab S8,Smartphone,Samsung,2022
S009,Samsung Galaxy A04s,Smartphone,Samsung,2023
S010,Samsung Galaxy F54,Smartphone,Samsung,2023
S011,Samsung Galaxy Tab S8+,Smartphone,Samsung,2023
S012,Samsung Galaxy A34,Smartphone,Samsung,2023
S013,Samsung Galaxy A54,Smartphone,Samsung,2021
S014,Samsung Galaxy M04,Smartphone,Samsung,2023
S015,Samsung Galaxy A24,Smartphone,Samsung,2022
S016,Samsung Galaxy F04,Smartphone,Samsung,2021
S017,Samsung Galaxy M34,Smartphone,Samsung,2022
S018,Samsung Galaxy A04s,Smartphone,Samsung,2022
S019,Samsung Galaxy A14,Smartphone,Samsung,2022
S020,Samsung Galaxy XCover6 Pro,Smartphone,Samsung,2022
S021,Samsung Galaxy Tab S8+,Smartphone,Samsung,2021
S022,Samsung Galaxy S23 Ultra,Smartphone,Samsung,2021
S023,Samsung Galaxy Tab S8 Ultra,Smartphone,Samsung,2022
S024,Samsung Galaxy Z Flip5,Smartphone,Samsung,2022
S025,Samsung Galaxy S23 Ultra,Smartphone,Samsung,2021
S026,Samsung Galaxy Z Flip5,Smartphone,Samsung,2021
S027,Samsung Galaxy XCover6 Pro,Smartphone,Samsung,2021
S028,Samsung Galaxy F14,Smartphone,Samsung,2023
S029,Samsung Galaxy Tab S8,Smartphone,Samsung,2023
S030,Samsung Galaxy M04,Smartphone,Samsung,2023
S031,Samsung Galaxy Z Flip5,Smartphone,Samsung,2022
S032,Samsung Galaxy A24,Smartphone,Samsung,2023
S033,Samsung Galaxy A34,Smartphone,Samsung,2022
S034,Samsung Galaxy M54,Smartphone,Samsung,2022
S035,Samsung Galaxy Tab S8+,Smartphone,Samsung,2023
S036,Samsung Galaxy A34,Smartphone,Samsung,2022
S037,Samsung Galaxy M54,Smartphone,Samsung,2023
S038,Samsung Galaxy A54,Smartphone,Samsung,2023
S039,Samsung Galaxy A34,Smartphone,Samsung,2021
S040,Samsung Galaxy M14,Smartphone,Samsung,2023
S041,Samsung Galaxy F04,Smartphone,Samsung,2021
S042,Samsung Galaxy S23+,Smartphone,Samsung,2023
S043,Samsung Galaxy S23,Smartphone,Samsung,2023
S044,Samsung Galaxy Z Flip5,Smartphone,Samsung,2021
S045,Samsung Galaxy XCover5,Smartphone,Samsung,2021
S046,Samsung Galaxy A24,Smartphone,Samsung,2023
S047,Samsung Galaxy M34,Smartphone,Samsung,2022
S048,Samsung Galaxy M34,Smartphone,Samsung,2021
S049,Samsung Galaxy Z Fold5,Smartphone,Samsung,2022
S050,Samsung Galaxy M54,Smartphone,Samsung,2022
S051,Samsung Galaxy Z Flip5,Smartphone,Samsung,2022
S052,Samsung Galaxy Tab S8 Ultra,Smartphone,Samsung,2021
S053,Samsung Galaxy M14,Smartphone,Samsung,2022
S054,Samsung Galaxy Z Fold5,Smartphone,Samsung,2021
S055,Samsung Galaxy Tab S8+,Smartphone,Samsung,2022
S056,Samsung Galaxy A04s,Smartphone,Samsung,2023
S057,Samsung Galaxy S23+,Smartphone,Samsung,2023
S058,Samsung Galaxy Tab S8,Smartphone,Samsung,2021
S059,Samsung Galaxy M34,Smartphone,Samsung,2023
S060,Samsung Galaxy S23,Smartphone,Samsung,2023
S061,Samsung Galaxy Tab S8 Ultra,Smartphone,Samsung,2022
S062,Samsung Galaxy Z Flip5,Smartphone,Samsung,2021
S063,Samsung Galaxy A34,Smartphone,Samsung,2022
S064,Samsung Galaxy A04s,Smartphone,Samsung,2022
S065,Samsung Galaxy S23,Smartphone,Samsung,2022
S066,Samsung Galaxy S23,Smartphone,Samsung,2022
S067,Samsung Galaxy F14,Smartphone,Samsung,2022
S068,Samsung Galaxy Tab S8 Ultra,Smartphone,Samsung,2022
S069,Samsung Galaxy F14,Smartphone,Samsung,2022
S070,Samsung Galaxy Tab S8+,Smartphone,Samsung,2021
S071,Samsung Galaxy A04s,Smartphone,Samsung,2023
S072,Samsung Galaxy M04,Smartphone,Samsung,2022
S073,Samsung Galaxy Tab S8 Ultra,Smartphone,Samsung,2022
S074,Samsung Galaxy A54,Smartphone,Samsung,2022
S075,Samsung Galaxy S23 Ultra,Smartphone,Samsung,2022
S076,Samsung Galaxy M54,Smartphone,Samsung,2022
S077,Samsung Galaxy F04,Smartphone,Samsung,2022
S078,Samsung Galaxy Z Flip5,Smartphone,Samsung,2023
S079,Samsung Galaxy A04s,Smartphone,Samsung,2023
S080,Samsung Galaxy M04,Smartphone,Samsung,2022
S081,Samsung Galaxy M04,Smartphone,Samsung,2023
S082,Samsung Galaxy Tab S8 Ultra,Smartphone,Samsung,2021
S083,Samsung Galaxy M54,Smartphone,Samsung,2022
S084,Samsung Galaxy M04,Smartphone,Samsung,2021
S085,Samsung Galaxy A54,Smartphone,Samsung,2021
S086,Samsung Galaxy M04,Smartphone,Samsung,2022
S087,Samsung Galaxy F04,Smartphone,Samsung,2023
S088,Samsung Galaxy F54,Smartphone,Samsung,2021
S089,Samsung Galaxy M54,Smartphone,Samsung,2022
S090,Samsung Galaxy A54,Smartphone,Samsung,2021
S091,Samsung Galaxy S23 Ultra,Smartphone,Samsung,2021
S092,Samsung Galaxy F54,Smartphone,Samsung,2021
S093,Samsung Galaxy F54,Smartphone,Samsung,2021
S094,Samsung Galaxy A04s,Smartphone,Samsung,2023
S095,Samsung Galaxy Z Flip5,Smartphone,Samsung,2021
S096,Samsung Galaxy A04s,Smartphone,Samsung,2021
S097,Samsung Galaxy Tab S8 Ultra,Smartphone,Samsung,2021
S098,Samsung Galaxy M54,Smartphone,Samsung,2023
S099,Samsung Galaxy M04,Smartphone,Samsung,2021
S100,Samsung Galaxy Tab S8+,Smartphone,Samsung,2021
S101,Samsung Galaxy S23 Ultra,Smartphone,Samsung,2023
S102,Samsung Galaxy A54,Smartphone,Samsung,2023
S103,Samsung Galaxy A34,Smartphone,Samsung,2023
S104,Samsung Galaxy Tab S8 Ultra,Smartphone,Samsung,2021
S105,Samsung Galaxy M04,Smartphone,Samsung,2023
S106,Samsung Galaxy S23+,Smartphone,Samsung,2023
S107,Samsung Galaxy A04s,Smartphone,Samsung,2021
S108,Samsung Galaxy A34,Smartphone,Samsung,2023
S109,Samsung Galaxy Tab S8,Smartphone,Samsung,2021
S110,Samsung Galaxy A54,Smartphone,Samsung,2022
S111,Samsung Galaxy A54,Smartphone,Samsung,2023
S112,Samsung Galaxy XCover6 Pro,Smartphone,Samsung,2022
S113,Samsung Galaxy XCover6 Pro,Smartphone,Samsung,2021
S114,Samsung Galaxy A14,Smartphone,Samsung,2023
S115,Samsung Galaxy M04,Smartphone,Samsung,2021
S116,Samsung Galaxy F54,Smartphone,Samsung,2022
S117,Samsung Galaxy F54,Smartphone,Samsung,2021
S118,Samsung Galaxy M54,Smartphone,Samsung,2023
S119,Samsung Galaxy Z Fold5,Smartphone,Samsung,2023
S120,Samsung Galaxy M34,Smartphone,Samsung,2022
S121,Samsung Galaxy A04s,Smartphone,Samsung,2021
S122,Samsung Galaxy XCover5,Smartphone,Samsung,2023
S123,Samsung Galaxy A24,Smartphone,Samsung,2022
S124,Samsung Galaxy A04s,Smartphone,Samsung,2023
S125,Samsung Galaxy M34,Smartphone,Samsung,2023
S126,Samsung Galaxy S23 Ultra,Smartphone,Samsung,2021
S127,Samsung Galaxy M04,Smartphone,Samsung,2023
S128,Samsung Galaxy S23 Ultra,Smartphone,Samsung,2021
S129,Samsung Galaxy XCover5,Smartphone,Samsung,2023
S130,Samsung Galaxy Tab S8,Smartphone,Samsung,2022
S131,Samsung Galaxy A14,Smartphone,Samsung,2023
S132,Samsung Galaxy S23 Ultra,Smartphone,Samsung,2021
S133,Samsung Galaxy F04,Smartphone,Samsung,2021
S134,Samsung Galaxy M34,Smartphone,Samsung,2022
S135,Samsung Galaxy Z Flip5,Smartphone,Samsung,2023
S136,Samsung Galaxy M04,Smartphone,Samsung,2023
S137,Samsung Galaxy Z Fold5,Smartphone,Samsung,2022
S138,Samsung Galaxy A24,Smartphone,Samsung,2023
S139,Samsung Galaxy XCover6 Pro,Smartphone,Samsung,2023
S140,Samsung Galaxy S23,Smartphone,Samsung,2021
S141,Samsung Galaxy S23 Ultra,Smartphone,Samsung,2023
S142,Samsung Galaxy A14,Smartphone,Samsung,2023
S143,Samsung Galaxy M54,Smartphone,Samsung,2022
S144,Samsung Galaxy A54,Smartphone,Samsung,2022
S145,Samsung Galaxy F54,Smartphone,Samsung,2021
S146,Samsung Galaxy A34,Smartphone,Samsung,2023
S147,Samsung Galaxy F04,Smartphone,Samsung,2023
S148,Samsung Galaxy A04s,Smartphone,Samsung,2023
S149,Samsung Galaxy A04s,Smartphone,Samsung,2021
S150,Samsung Galaxy A14,Smartphone,Samsung,2021
S151,Samsung Galaxy Z Flip5,Smartphone,Samsung,2022
S152,Samsung Galaxy F04,Smartphone,Samsung,2021
S153,Samsung Galaxy F04,Smartphone,Samsung,2023
S154,Samsung Galaxy A14,Smartphone,Samsung,2023
S155,Samsung Galaxy M54,Smartphone,Samsung,2021
S156,Samsung Galaxy M54,Smartphone,Samsung,2023
S157,Samsung Galaxy S23+,Smartphone,Samsung,2023
S158,Samsung Galaxy S23 Ultra,Smartphone,Samsung,2021
S159,Samsung Galaxy Tab S8 Ultra,Smartphone,Samsung,2021
S160,Samsung Galaxy Z Flip5,Smartphone,Samsung,2023
S161,Samsung Galaxy A04s,Smartphone,Samsung,2023
S162,Samsung Galaxy A24,Smartphone,Samsung,2023
S163,Samsung Galaxy M14,Smartphone,Samsung,2022
S164,Samsung Galaxy Z Fold5,Smartphone,Samsung,2022
S165,Samsung Galaxy M54,Smartphone,Samsung,2022
S166,Samsung Galaxy S23+,Smartphone,Samsung,2021
S167,Samsung Galaxy Z Flip5,Smartphone,Samsung,2022
S168,Samsung Galaxy Z Fold5,Smartphone,Samsung,2021
S169,Samsung Galaxy M34,Smartphone,Samsung,2021
S170,Samsung Galaxy XCover5,Smartphone,Samsung,2022
S171,Samsung Galaxy Z Fold5,Smartphone,Samsung,2022
S172,Samsung Galaxy F14,Smartphone,Samsung,2022
S173,Samsung Galaxy F04,Smartphone,Samsung,2023
S174,Samsung Galaxy S23 Ultra,Smartphone,Samsung,2022
S175,Samsung Galaxy F14,Smartphone,Samsung,2023
S176,Samsung Galaxy A54,Smartphone,Samsung,2021
S177,Samsung Galaxy XCover6 Pro,Smartphone,Samsung,2023
S178,Samsung Galaxy XCover6 Pro,Smartphone,Samsung,2022
S179,Samsung Galaxy A34,Smartphone,Samsung,2021
S180,Samsung Galaxy Tab S8+,Smartphone,Samsung,2021
S181,Samsung Galaxy Z Fold5,Smartphone,Samsung,2021
S182,Samsung Galaxy S23+,Smartphone,Samsung,2023
S183,Samsung Galaxy A24,Smartphone,Samsung,2022
S184,Samsung Galaxy M54,Smartphone,Samsung,2021
S185,Samsung Galaxy A34,Smartphone,Samsung,2021
S186,Samsung Galaxy A54,Smartphone,Samsung,2021
S187,Samsung Galaxy F54,Smartphone,Samsung,2023
S188,Samsung Galaxy M34,Smartphone,Samsung,2023
S189,Samsung Galaxy A14,Smartphone,Samsung,2022
S190,Samsung Galaxy A54,Smartphone,Samsung,2023
S191,Samsung Galaxy F14,Smartphone,Samsung,2021
S192,Samsung Galaxy XCover6 Pro,Smartphone,Samsung,2022
S193,Samsung Galaxy A04s,Smartphone,Samsung,2021
S194,Samsung Galaxy Z Flip5,Smartphone,Samsung,2021
S195,Samsung Galaxy M14,Smartphone,Samsung,2023
S196,Samsung Galaxy A34,Smartphone,Samsung,2022
S197,Samsung Galaxy F14,Smartphone,Samsung,2023
S198,Samsung Galaxy Tab S8,Smartphone,Samsung,2023
S199,Samsung Galaxy A54,Smartphone,Samsung,2022
S200,Samsung Galaxy F04,Smartphone,Samsung,2021
S201,Samsung Galaxy S23 Ultra,Smartphone,Samsung,2021
S202,Samsung Galaxy F14,Smartphone,Samsung,2022
S203,Samsung Galaxy A24,Smartphone,Samsung,2021
S204,Samsung Galaxy A24,Smartphone,Samsung,2022
S205,Samsung Galaxy M04,Smartphone,Samsung,2022
S206,Samsung Galaxy A14,Smartphone,Samsung,2023
S207,Samsung Galaxy A14,Smartphone,Samsung,2022
S208,Samsung Galaxy M04,Smartphone,Samsung,2023
S209,Samsung Galaxy M14,Smartphone,Samsung,2021
S210,Samsung Galaxy XCover5,Smartphone,Samsung,2021
S211,Samsung Galaxy A34,Smartphone,Samsung,2021
S212,Samsung Galaxy Tab S8 Ultra,Smartphone,Samsung,2021
S213,Samsung Galaxy A54,Smartphone,Samsung,2023
S214,Samsung Galaxy S23 Ultra,Smartphone,Samsung,2021
S215,Samsung Galaxy Tab S8 Ultra,Smartphone,Samsung,2022
S216,Samsung Galaxy S23,Smartphone,Samsung,2022
S217,Samsung Galaxy Tab S8,Smartphone,Samsung,2022
S218,Samsung Galaxy Tab S8 Ultra,Smartphone,Samsung,2023
S219,Samsung Galaxy F04,Smartphone,Samsung,2021
S220,Samsung Galaxy A24,Smartphone,Samsung,2021
S221,Samsung Galaxy M54,Smartphone,Samsung,2021
S222,Samsung Galaxy F14,Smartphone,Samsung,2023
S223,Samsung Galaxy S23 Ultra,Smartphone,Samsung,2022
S224,Samsung Galaxy M14,Smartphone,Samsung,2022
S225,Samsung Galaxy M34,Smartphone,Samsung,2021
S226,Samsung Galaxy F54,Smartphone,Samsung,2022
S227,Samsung Galaxy S23,Smartphone,Samsung,2022
S228,Samsung Galaxy XCover6 Pro,Smartphone,Samsung,2023
S229,Samsung Galaxy M04,Smartphone,Samsung,2023
S230,Samsung Galaxy M14,Smartphone,Samsung,2023
S231,Samsung Galaxy M14,Smartphone,Samsung,2023
S232,Samsung Galaxy F14,Smartphone,Samsung,2021
S233,Samsung Galaxy XCover5,Smartphone,Samsung,2023
S234,Samsung Galaxy A04s,Smartphone,Samsung,2022
S235,Samsung Galaxy A34,Smartphone,Samsung,2021
S236,Samsung Galaxy A04s,Smartphone,Samsung,2022
S237,Samsung Galaxy Tab S8,Smartphone,Samsung,2022
S238,Samsung Galaxy S23+,Smartphone,Samsung,2022
S239,Samsung Galaxy M54,Smartphone,Samsung,2023
S240,Samsung Galaxy F04,Smartphone,Samsung,2023
S241,Samsung Galaxy A04s,Smartphone,Samsung,2021
S242,Samsung Galaxy F14,Smartphone,Samsung,2021
S243,Samsung Galaxy F54,Smartphone,Samsung,2023
S244,Samsung Galaxy F14,Smartphone,Samsung,2022
S245,Samsung Galaxy F54,Smartphone,Samsung,2021
S246,Samsung Galaxy M14,Smartphone,Samsung,2023
S247,Samsung Galaxy F54,Smartphone,Samsung,2023
S248,Samsung Galaxy S23 Ultra,Smartphone,Samsung,2023
S249,Samsung Galaxy Tab S8,Smartphone,Samsung,2022
S250,Samsung Galaxy F04,Smartphone,Samsung,2023
S251,Samsung Galaxy S23+,Smartphone,Samsung,2023
S252,Samsung Galaxy F14,Smartphone,Samsung,2023
S253,Samsung Galaxy S23 Ultra,Smartphone,Samsung,2023
S254,Samsung Galaxy A24,Smartphone,Samsung,2021
S255,Samsung Galaxy A24,Smartphone,Samsung,2021
S256,Samsung Galaxy Tab S8+,Smartphone,Samsung,2023
S257,Samsung Galaxy Tab S8+,Smartphone,Samsung,2022
S258,Samsung Galaxy Tab S8 Ultra,Smartphone,Samsung,2021
S259,Samsung Galaxy M54,Smartphone,Samsung,2023
S260,Samsung Galaxy Z Fold5,Smartphone,Samsung,2021
S261,Samsung Galaxy M04,Smartphone,Samsung,2021
S262,Samsung Galaxy S23+,Smartphone,Samsung,2022
S263,Samsung Galaxy M34,Smartphone,Samsung,2023
S264,Samsung Galaxy F14,Smartphone,Samsung,2023
S265,Samsung Galaxy XCover6 Pro,Smartphone,Samsung,2022
S266,Samsung Galaxy Tab S8 Ultra,Smartphone,Samsung,2022
S267,Samsung Galaxy A24,Smartphone,Samsung,2023
S268,Samsung Galaxy F04,Smartphone,Samsung,2023
S269,Samsung Galaxy M04,Smartphone,Samsung,2022
S270,Samsung Galaxy XCover5,Smartphone,Samsung,2021
S271,Samsung Galaxy XCover6 Pro,Smartphone,Samsung,2021
S272,Samsung Galaxy S23 Ultra,Smartphone,Samsung,2022
S273,Samsung Galaxy Tab S8+,Smartphone,Samsung,2021
S274,Samsung Galaxy F04,Smartphone,Samsung,2022
S275,Samsung Galaxy A54,Smartphone,Samsung,2021
S276,Samsung Galaxy M34,Smartphone,Samsung,2021
S277,Samsung Galaxy A24,Smartphone,Samsung,2023
S278,Samsung Galaxy A04s,Smartphone,Samsung,2023
S279,Samsung Galaxy A04s,Smartphone,Samsung,2021
S280,Samsung Galaxy F04,Smartphone,Samsung,2021
S281,Samsung Galaxy F14,Smartphone,Samsung,2023
S282,Samsung Galaxy M34,Smartphone,Samsung,2023
S283,Samsung Galaxy M54,Smartphone,Samsung,2023
S284,Samsung Galaxy A14,Smartphone,Samsung,2022
S285,Samsung Galaxy Z Fold5,Smartphone,Samsung,2021
S286,Samsung Galaxy Tab S8 Ultra,Smartphone,Samsung,2023
S287,Samsung Galaxy S23+,Smartphone,Samsung,2021
S288,Samsung Galaxy A04s,Smartphone,Samsung,2022
S289,Samsung Galaxy Z Flip5,Smartphone,Samsung,2022
S290,Samsung Galaxy Z Fold5,Smartphone,Samsung,2023
S291,Samsung Galaxy A04s,Smartphone,Samsung,2022
S292,Samsung Galaxy F54,Smartphone,Samsung,2021
S293,Samsung Galaxy Z Flip5,Smartphone,Samsung,2023
S294,Samsung Galaxy M34,Smartphone,Samsung,2021
S295,Samsung Galaxy M54,Smartphone,Samsung,2021
S296,Samsung Galaxy A24,Smartphone,Samsung,2022
S297,Samsung Galaxy M04,Smartphone,Samsung,2022
S298,Samsung Galaxy M04,Smartphone,Samsung,2022
S299,Samsung Galaxy A14,Smartphone,Samsung,2022
S300,Samsung Galaxy Tab S8+,Smartphone,Samsung,2022
S301,Samsung Galaxy Z Flip5,Smartphone,Samsung,2023
S302,Samsung Galaxy A34,Smartphone,Samsung,2021
S303,Samsung Galaxy F04,Smartphone,Samsung,2021
S304,Samsung Galaxy A14,Smartphone,Samsung,2021
S305,Samsung Galaxy Tab S8 Ultra,Smartphone,Samsung,2021
S306,Samsung Galaxy A04s,Smartphone,Samsung,2022
S307,Samsung Galaxy M34,Smartphone,Samsung,2021
S308,Samsung Galaxy A34,Smartphone,Samsung,2023
S309,Samsung Galaxy F04,Smartphone,Samsung,2023
S310,Samsung Galaxy F54,Smartphone,Samsung,2021
S311,Samsung Galaxy F14,Smartphone,Samsung,2021
S312,Samsung Galaxy Z Fold5,Smartphone,Samsung,2023
S313,Samsung Galaxy M54,Smartphone,Samsung,2023
S314,Samsung Galaxy Tab S8,Smartphone,Samsung,2022
S315,Samsung Galaxy A34,Smartphone,Samsung,2023
S316,Samsung Galaxy S23 Ultra,Smartphone,Samsung,2022
S317,Samsung Galaxy A04s,Smartphone,Samsung,2022
S318,Samsung Galaxy A14,Smartphone,Samsung,2022
S319,Samsung Galaxy A04s,Smartphone,Samsung,2022
S320,Samsung Galaxy F54,Smartphone,Samsung,2022
S321,Samsung Galaxy Tab S8,Smartphone,Samsung,2021
S322,Samsung Galaxy XCover5,Smartphone,Samsung,2023
S323,Samsung Galaxy M54,Smartphone,Samsung,2022
S324,Samsung Galaxy F14,Smartphone,Samsung,2023
S325,Samsung Galaxy Tab S8+,Smartphone,Samsung,2023
S326,Samsung Galaxy A34,Smartphone,Samsung,2022
S327,Samsung Galaxy Tab S8,Smartphone,Samsung,2021
S328,Samsung Galaxy Tab S8,Smartphone,Samsung,2022
S329,Samsung Galaxy A54,Smartphone,Samsung,2021
S330,Samsung Galaxy A14,Smartphone,Samsung,2023
S331,Samsung Galaxy S23+,Smartphone,Samsung,2021
S332,Samsung Galaxy Tab S8 Ultra,Smartphone,Samsung,2021
S333,Samsung Galaxy F04,Smartphone,Samsung,2021
S334,Samsung Galaxy XCover6 Pro,Smartphone,Samsung,2023
S335,Samsung Galaxy A34,Smartphone,Samsung,2023
S336,Samsung Galaxy Tab S8 Ultra,Smartphone,Samsung,2021
S337,Samsung Galaxy A14,Smartphone,Samsung,2021
S338,Samsung Galaxy M54,Smartphone,Samsung,2022
S339,Samsung Galaxy XCover5,Smartphone,Samsung,2021
S340,Samsung Galaxy S23+,Smartphone,Samsung,2022
S341,Samsung Galaxy M54,Smartphone,Samsung,2021
S342,Samsung Galaxy A24,Smartphone,Samsung,2022
S343,Samsung Galaxy Tab S8 Ultra,Smartphone,Samsung,2023
S344,Samsung Galaxy A14,Smartphone,Samsung,2021
S345,Samsung Galaxy Tab S8 Ultra,Smartphone,Samsung,2021
S346,Samsung Galaxy Tab S8,Smartphone,Samsung,2021
S347,Samsung Galaxy Tab S8,Smartphone,Samsung,2021
S348,Samsung Galaxy A04s,Smartphone,Samsung,2022
S349,Samsung Galaxy A14,Smartphone,Samsung,2021
S350,Samsung Galaxy M14,Smartphone,Samsung,2023
S351,Samsung Galaxy Z Fold5,Smartphone,Samsung,2023
S352,Samsung Galaxy XCover5,Smartphone,Samsung,2021
S353,Samsung Galaxy XCover5,Smartphone,Samsung,2023
S354,Samsung Galaxy A54,Smartphone,Samsung,2021
S355,Samsung Galaxy A54,Smartphone,Samsung,2021
S356,Samsung Galaxy Tab S8,Smartphone,Samsung,2023
S357,Samsung Galaxy A04s,Smartphone,Samsung,2021
S358,Samsung Galaxy A04s,Smartphone,Samsung,2023
S359,Samsung Galaxy Tab S8,Smartphone,Samsung,2022
S360,Samsung Galaxy M14,Smartphone,Samsung,2021
S361,Samsung Galaxy A14,Smartphone,Samsung,2022
S362,Samsung Galaxy XCover6 Pro,Smartphone,Samsung,2023
S363,Samsung Galaxy XCover6 Pro,Smartphone,Samsung,2022
S364,Samsung Galaxy A34,Smartphone,Samsung,2022
S365,Samsung Galaxy Tab S8,Smartphone,Samsung,2023
S366,Samsung Galaxy A24,Smartphone,Samsung,2022
S367,Samsung Galaxy A34,Smartphone,Samsung,2022
S368,Samsung Galaxy Tab S8 Ultra,Smartphone,Samsung,2023
S369,Samsung Galaxy A14,Smartphone,Samsung,2022
S370,Samsung Galaxy M34,Smartphone,Samsung,2023
S371,Samsung Galaxy S23+,Smartphone,Samsung,2022
S372,Samsung Galaxy M54,Smartphone,Samsung,2023
S373,Samsung Galaxy F14,Smartphone,Samsung,2023
S374,Samsung Galaxy M14,Smartphone,Samsung,2022
S375,Samsung Galaxy F14,Smartphone,Samsung,2022
S376,Samsung Galaxy Z Fold5,Smartphone,Samsung,2022
S377,Samsung Galaxy A14,Smartphone,Samsung,2021
S378,Samsung Galaxy XCover5,Smartphone,Samsung,2021
S379,Samsung Galaxy F14,Smartphone,Samsung,2021
S380,Samsung Galaxy S23 Ultra,Smartphone,Samsung,2023
S381,Samsung Galaxy Tab S8+,Smartphone,Samsung,2022
S382,Samsung Galaxy XCover5,Smartphone,Samsung,2023
S383,Samsung Galaxy Tab S8+,Smartphone,Samsung,2021
S384,Samsung Galaxy S23+,Smartphone,Samsung,2022
S385,Samsung Galaxy Tab S8,Smartphone,Samsung,2023
S386,Samsung Galaxy F14,Smartphone,Samsung,2022
S387,Samsung Galaxy S23+,Smartphone,Samsung,2023
S388,Samsung Galaxy S23+,Smartphone,Samsung,2022
S389,Samsung Galaxy M04,Smartphone,Samsung,2021
S390,Samsung Galaxy F04,Smartphone,Samsung,2021
S391,Samsung Galaxy F04,Smartphone,Samsung,2022
S392,Samsung Galaxy F54,Smartphone,Samsung,2023
S393,Samsung Galaxy Z Fold5,Smartphone,Samsung,2021
S394,Samsung Galaxy Tab S8+,Smartphone,Samsung,2021
S395,Samsung Galaxy A24,Smartphone,Samsung,2021
S396,Samsung Galaxy S23,Smartphone,Samsung,2022
S397,Samsung Galaxy A24,Smartphone,Samsung,2022
S398,Samsung Galaxy Tab S8+,Smartphone,Samsung,2023
S399,Samsung Galaxy A14,Smartphone,Samsung,2023
S400,Samsung Galaxy Z Fold5,Smartphone,Samsung,2023
S401,Samsung Galaxy A04s,Smartphone,Samsung,2022
S402,Samsung Galaxy XCover6 Pro,Smartphone,Samsung,2022
S403,Samsung Galaxy M34,Smartphone,Samsung,2023
S404,Samsung Galaxy M04,Smartphone,Samsung,2023
S405,Samsung Galaxy S23,Smartphone,Samsung,2022
S406,Samsung Galaxy A24,Smartphone,Samsung,2023
S407,Samsung Galaxy S23,Smartphone,Samsung,2021
S408,Samsung Galaxy A04s,Smartphone,Samsung,2022
S409,Samsung Galaxy Tab S8+,Smartphone,Samsung,2023
S410,Samsung Galaxy F14,Smartphone,Samsung,2022
S411,Samsung Galaxy Z Fold5,Smartphone,Samsung,2021
S412,Samsung Galaxy S23+,Smartphone,Samsung,2022
S413,Samsung Galaxy F14,Smartphone,Samsung,2022
S414,Samsung Galaxy A14,Smartphone,Samsung,2022
S415,Samsung Galaxy M34,Smartphone,Samsung,2022
S416,Samsung Galaxy XCover5,Smartphone,Samsung,2021
S417,Samsung Galaxy A24,Smartphone,Samsung,2022
S418,Samsung Galaxy Z Flip5,Smartphone,Samsung,2022
S419,Samsung Galaxy XCover6 Pro,Smartphone,Samsung,2023
S420,Samsung Galaxy A24,Smartphone,Samsung,2022
S421,Samsung Galaxy A24,Smartphone,Samsung,2023
S422,Samsung Galaxy M54,Smartphone,Samsung,2021
S423,Samsung Galaxy S23 Ultra,Smartphone,Samsung,2021
S424,Samsung Galaxy M34,Smartphone,Samsung,2021
S425,Samsung Galaxy S23 Ultra,Smartphone,Samsung,2021
S426,Samsung Galaxy F14,Smartphone,Samsung,2023
S427,Samsung Galaxy M04,Smartphone,Samsung,2022
S428,Samsung Galaxy Tab S8 Ultra,Smartphone,Samsung,2021
S429,Samsung Galaxy S23+,Smartphone,Samsung,2022
S430,Samsung Galaxy M04,Smartphone,Samsung,2023
S431,Samsung Galaxy F04,Smartphone,Samsung,2023
S432,Samsung Galaxy S23+,Smartphone,Samsung,2023
S433,Samsung Galaxy Tab S8 Ultra,Smartphone,Samsung,2021
S434,Samsung Galaxy Tab S8,Smartphone,Samsung,2022
S435,Samsung Galaxy A54,Smartphone,Samsung,2022
S436,Samsung Galaxy F14,Smartphone,Samsung,2022
S437,Samsung Galaxy F14,Smartphone,Samsung,2023
S438,Samsung Galaxy Z Flip5,Smartphone,Samsung,2021
S439,Samsung Galaxy S23,Smartphone,Samsung,2023
S440,Samsung Galaxy M54,Smartphone,Samsung,2023
S441,Samsung Galaxy M14,Smartphone,Samsung,2022
S442,Samsung Galaxy Tab S8 Ultra,Smartphone,Samsung,2023
S443,Samsung Galaxy F14,Smartphone,Samsung,2022
S444,Samsung Galaxy A04s,Smartphone,Samsung,2021
S445,Samsung Galaxy A34,Smartphone,Samsung,2022
S446,Samsung Galaxy Tab S8 Ultra,Smartphone,Samsung,2021
S447,Samsung Galaxy F04,Smartphone,Samsung,2022
S448,Samsung Galaxy M54,Smartphone,Samsung,2023
S449,Samsung Galaxy Tab S8 Ultra,Smartphone,Samsung,2023
S450,Samsung Galaxy Tab S8,Smartphone,Samsung,2021
S451,Samsung Galaxy XCover6 Pro,Smartphone,Samsung,2021
S452,Samsung Galaxy A24,Smartphone,Samsung,2021
S453,Samsung Galaxy M14,Smartphone,Samsung,2022
S454,Samsung Galaxy F04,Smartphone,Samsung,2022
S455,Samsung Galaxy S23+,Smartphone,Samsung,2021
S456,Samsung Galaxy S23+,Smartphone,Samsung,2023
S457,Samsung Galaxy M34,Smartphone,Samsung,2022
S458,Samsung Galaxy Z Flip5,Smartphone,Samsung,2022
S459,Samsung Galaxy M14,Smartphone,Samsung,2022
S460,Samsung Galaxy M34,Smartphone,Samsung,2021
S461,Samsung Galaxy M14,Smartphone,Samsung,2021
S462,Samsung Galaxy F14,Smartphone,Samsung,2021
S463,Samsung Galaxy S23+,Smartphone,Samsung,2021
S464,Samsung Galaxy F04,Smartphone,Samsung,2021
S465,Samsung Galaxy Tab S8,Smartphone,Samsung,2023
S466,Samsung Galaxy Z Fold5,Smartphone,Samsung,2023
S467,Samsung Galaxy S23+,Smartphone,Samsung,2021
S468,Samsung Galaxy S23,Smartphone,Samsung,2022
S469,Samsung Galaxy XCover5,Smartphone,Samsung,2021
S470,Samsung Galaxy A14,Smartphone,Samsung,2023
S471,Samsung Galaxy Tab S8 Ultra,Smartphone,Samsung,2023
S472,Samsung Galaxy S23+,Smartphone,Samsung,2022
S473,Samsung Galaxy F54,Smartphone,Samsung,2023
S474,Samsung Galaxy S23+,Smartphone,Samsung,2021
S475,Samsung Galaxy A04s,Smartphone,Samsung,2022
S476,Samsung Galaxy M34,Smartphone,Samsung,2021
S477,Samsung Galaxy A34,Smartphone,Samsung,2021
S478,Samsung Galaxy Tab S8,Smartphone,Samsung,2022
S479,Samsung Galaxy Z Fold5,Smartphone,Samsung,2021
S480,Samsung Galaxy Tab S8+,Smartphone,Samsung,2023
S481,Samsung Galaxy F14,Smartphone,Samsung,2021
S482,Samsung Galaxy F54,Smartphone,Samsung,2022
S483,Samsung Galaxy F54,Smartphone,Samsung,2022
S484,Samsung Galaxy A34,Smartphone,Samsung,2022
S485,Samsung Galaxy XCover6 Pro,Smartphone,Samsung,2021
S486,Samsung Galaxy F54,Smartphone,Samsung,2022
S487,Samsung Galaxy S23+,Smartphone,Samsung,2022
S488,Samsung Galaxy M34,Smartphone,Samsung,2021
S489,Samsung Galaxy Tab S8 Ultra,Smartphone,Samsung,2023
S490,Samsung Galaxy A54,Smartphone,Samsung,2021
S491,Samsung Galaxy A14,Smartphone,Samsung,2022
S492,Samsung Galaxy M54,Smartphone,Samsung,2022
S493,Samsung Galaxy A14,Smartphone,Samsung,2021
S494,Samsung Galaxy Tab S8 Ultra,Smartphone,Samsung,2023
S495,Samsung Galaxy F54,Smartphone,Samsung,2022
S496,Samsung Galaxy F04,Smartphone,Samsung,2022
S497,Samsung Galaxy A14,Smartphone,Samsung,2022
S498,Samsung Galaxy S23,Smartphone,Samsung,2021
S499,Samsung Galaxy M54,Smartphone,Samsung,2022
S500,Samsung Galaxy A14,Smartphone,Samsung,2023
S501,Samsung Galaxy Tab S8,Smartphone,Samsung,2022
S502,Samsung Galaxy XCover6 Pro,Smartphone,Samsung,2022
S503,Samsung Galaxy A54,Smartphone,Samsung,2023
S504,Samsung Galaxy S23 Ultra,Smartphone,Samsung,2022
S505,Samsung Galaxy M54,Smartphone,Samsung,2021
S506,Samsung Galaxy F04,Smartphone,Samsung,2021
S507,Samsung Galaxy A34,Smartphone,Samsung,2021
S508,Samsung Galaxy A14,Smartphone,Samsung,2023
S509,Samsung Galaxy Tab S8+,Smartphone,Samsung,2022
S510,Samsung Galaxy Z Flip5,Smartphone,Samsung,2021
S511,Samsung Galaxy XCover5,Smartphone,Samsung,2023
S512,Samsung Galaxy F54,Smartphone,Samsung,2022
S513,Samsung Galaxy Z Fold5,Smartphone,Samsung,2023
S514,Samsung Galaxy F54,Smartphone,Samsung,2021
S515,Samsung Galaxy A54,Smartphone,Samsung,2021
S516,Samsung Galaxy M34,Smartphone,Samsung,2021
S517,Samsung Galaxy F04,Smartphone,Samsung,2023
S518,Samsung Galaxy M04,Smartphone,Samsung,2023
S519,Samsung Galaxy M54,Smartphone,Samsung,2021
S520,Samsung Galaxy F54,Smartphone,Samsung,2023
S521,Samsung Galaxy Z Fold5,Smartphone,Samsung,2021
S522,Samsung Galaxy F54,Smartphone,Samsung,2021
S523,Samsung Galaxy A04s,Smartphone,Samsung,2022
S524,Samsung Galaxy M34,Smartphone,Samsung,2023
S525,Samsung Galaxy M04,Smartphone,Samsung,2021
S526,Samsung Galaxy M14,Smartphone,Samsung,2021
S527,Samsung Galaxy Tab S8 Ultra,Smartphone,Samsung,2023
S528,Samsung Galaxy A04s,Smartphone,Samsung,2022
S529,Samsung Galaxy M34,Smartphone,Samsung,2022
S530,Samsung Galaxy S23+,Smartphone,Samsung,2021
S531,Samsung Galaxy A34,Smartphone,Samsung,2023
S532,Samsung Galaxy M54,Smartphone,Samsung,2022
S533,Samsung Galaxy Tab S8,Smartphone,Samsung,2023
S534,Samsung Galaxy Z Flip5,Smartphone,Samsung,2023
S535,Samsung Galaxy F54,Smartphone,Samsung,2021
S536,Samsung Galaxy A04s,Smartphone,Samsung,2022
S537,Samsung Galaxy A24,Smartphone,Samsung,2021
S538,Samsung Galaxy S23,Smartphone,Samsung,2022
S539,Samsung Galaxy Tab S8+,Smartphone,Samsung,2022
S540,Samsung Galaxy S23 Ultra,Smartphone,Samsung,2022
S541,Samsung Galaxy M04,Smartphone,Samsung,2022
S542,Samsung Galaxy XCover5,Smartphone,Samsung,2022
S543,Samsung Galaxy F54,Smartphone,Samsung,2023
S544,Samsung Galaxy Tab S8 Ultra,Smartphone,Samsung,2021
S545,Samsung Galaxy Z Flip5,Smartphone,Samsung,2023
S546,Samsung Galaxy M54,Smartphone,Samsung,2022
S547,Samsung Galaxy Tab S8,Smartphone,Samsung,2021
S548,Samsung Galaxy S23 Ultra,Smartphone,Samsung,2022
S549,Samsung Galaxy A34,Smartphone,Samsung,2021
S550,Samsung Galaxy M14,Smartphone,Samsung,2023
S551,Samsung Galaxy A54,Smartphone,Samsung,2021
S552,Samsung Galaxy Tab S8 Ultra,Smartphone,Samsung,2021
S553,Samsung Galaxy S23+,Smartphone,Samsung,2021
S554,Samsung Galaxy M54,Smartphone,Samsung,2021
S555,Samsung Galaxy A34,Smartphone,Samsung,2021
S556,Samsung Galaxy Z Flip5,Smartphone,Samsung,2022
S557,Samsung Galaxy S23,Smartphone,Samsung,2021
S558,Samsung Galaxy Tab S8,Smartphone,Samsung,2021
S559,Samsung Galaxy M34,Smartphone,Samsung,2023
S560,Samsung Galaxy A24,Smartphone,Samsung,2021
S561,Samsung Galaxy Z Fold5,Smartphone,Samsung,2023
S562,Samsung Galaxy A04s,Smartphone,Samsung,2022
S563,Samsung Galaxy Tab S8 Ultra,Smartphone,Samsung,2021
S564,Samsung Galaxy A24,Smartphone,Samsung,2023
S565,Samsung Galaxy Tab S8 Ultra,Smartphone,Samsung,2023
S566,Samsung Galaxy F04,Smartphone,Samsung,2022
S567,Samsung Galaxy S23 Ultra,Smartphone,Samsung,2021
S568,Samsung Galaxy Tab S8,Smartphone,Samsung,2021
S569,Samsung Galaxy F54,Smartphone,Samsung,2023
S570,Samsung Galaxy S23 Ultra,Smartphone,Samsung,2021
S571,Samsung Galaxy S23,Smartphone,Samsung,2023
S572,Samsung Galaxy Tab S8+,Smartphone,Samsung,2021
S573,Samsung Galaxy A04s,Smartphone,Samsung,2023
S574,Samsung Galaxy S23,Smartphone,Samsung,2021
S575,Samsung Galaxy M04,Smartphone,Samsung,2022
S576,Samsung Galaxy S23+,Smartphone,Samsung,2021
S577,Samsung Galaxy Tab S8,Smartphone,Samsung,2021
S578,Samsung Galaxy A54,Smartphone,Samsung,2022
S579,Samsung Galaxy Z Flip5,Smartphone,Samsung,2021
S580,Samsung Galaxy F04,Smartphone,Samsung,2022
S581,Samsung Galaxy XCover5,Smartphone,Samsung,2021
S582,Samsung Galaxy S23,Smartphone,Samsung,2023
S583,Samsung Galaxy S23 Ultra,Smartphone,Samsung,2023
S584,Samsung Galaxy S23 Ultra,Smartphone,Samsung,2021
S585,Samsung Galaxy A34,Smartphone,Samsung,2021
S586,Samsung Galaxy M34,Smartphone,Samsung,2021
S587,Samsung Galaxy M34,Smartphone,Samsung,2023
S588,Samsung Galaxy Tab S8,Smartphone,Samsung,2021
S589,Samsung Galaxy M54,Smartphone,Samsung,2023
S590,Samsung Galaxy Tab S8,Smartphone,Samsung,2022
S591,Samsung Galaxy M14,Smartphone,Samsung,2023
S592,Samsung Galaxy Z Fold5,Smartphone,Samsung,2023
S593,Samsung Galaxy A14,Smartphone,Samsung,2022
S594,Samsung Galaxy XCover5,Smartphone,Samsung,2023
S595,Samsung Galaxy Tab S8 Ultra,Smartphone,Samsung,2021
S596,Samsung Galaxy XCover5,Smartphone,Samsung,2021
S597,Samsung Galaxy A54,Smartphone,Samsung,2023
S598,Samsung Galaxy M54,Smartphone,Samsung,2021
S599,Samsung Galaxy A24,Smartphone,Samsung,2023
S600,Samsung Galaxy M54,Smartphone,Samsung,2021
S601,Samsung Galaxy M54,Smartphone,Samsung,2021
S602,Samsung Galaxy Tab S8 Ultra,Smartphone,Samsung,2023
S603,Samsung Galaxy Tab S8,Smartphone,Samsung,2021
S604,Samsung Galaxy A04s,Smartphone,Samsung,2023
S605,Samsung Galaxy Tab S8+,Smartphone,Samsung,2021
S606,Samsung Galaxy M54,Smartphone,Samsung,2021
S607,Samsung Galaxy Tab S8 Ultra,Smartphone,Samsung,2022
S608,Samsung Galaxy A24,Smartphone,Samsung,2022
S609,Samsung Galaxy XCover5,Smartphone,Samsung,2023
S610,Samsung Galaxy Z Flip5,Smartphone,Samsung,2022
S611,Samsung Galaxy Tab S8,Smartphone,Samsung,2023
S612,Samsung Galaxy Z Flip5,Smartphone,Samsung,2022
S613,Samsung Galaxy F14,Smartphone,Samsung,2021
S614,Samsung Galaxy F04,Smartphone,Samsung,2023
S615,Samsung Galaxy XCover5,Smartphone,Samsung,2023
S616,Samsung Galaxy A24,Smartphone,Samsung,2021
S617,Samsung Galaxy M54,Smartphone,Samsung,2023
S618,Samsung Galaxy M14,Smartphone,Samsung,2023
S619,Samsung Galaxy Tab S8,Smartphone,Samsung,2022
S620,Samsung Galaxy XCover5,Smartphone,Samsung,2023
S621,Samsung Galaxy F04,Smartphone,Samsung,2021
S622,Samsung Galaxy Z Fold5,Smartphone,Samsung,2022
S623,Samsung Galaxy XCover5,Smartphone,Samsung,2022
S624,Samsung Galaxy M34,Smartphone,Samsung,2021
S625,Samsung Galaxy A04s,Smartphone,Samsung,2021
S626,Samsung Galaxy F54,Smartphone,Samsung,2022
S627,Samsung Galaxy A24,Smartphone,Samsung,2023
S628,Samsung Galaxy F14,Smartphone,Samsung,2022
S629,Samsung Galaxy A24,Smartphone,Samsung,2021
S630,Samsung Galaxy A54,Smartphone,Samsung,2022
S631,Samsung Galaxy S23+,Smartphone,Samsung,2021
S632,Samsung Galaxy A24,Smartphone,Samsung,2022
S633,Samsung Galaxy XCover5,Smartphone,Samsung,2023
S634,Samsung Galaxy A54,Smartphone,Samsung,2022
S635,Samsung Galaxy F54,Smartphone,Samsung,2022
S636,Samsung Galaxy Tab S8,Smartphone,Samsung,2021
S637,Samsung Galaxy A54,Smartphone,Samsung,2021
S638,Samsung Galaxy M04,Smartphone,Samsung,2021
S639,Samsung Galaxy F14,Smartphone,Samsung,2022
S640,Samsung Galaxy S23,Smartphone,Samsung,2023
S641,Samsung Galaxy S23 Ultra,Smartphone,Samsung,2021
S642,Samsung Galaxy Z Flip5,Smartphone,Samsung,2021
S643,Samsung Galaxy Z Flip5,Smartphone,Samsung,2022
S644,Samsung Galaxy Tab S8,Smartphone,Samsung,2021
S645,Samsung Galaxy Tab S8 Ultra,Smartphone,Samsung,2023
S646,Samsung Galaxy A04s,Smartphone,Samsung,2023
S647,Samsung Galaxy Z Fold5,Smartphone,Samsung,2021
S648,Samsung Galaxy A24,Smartphone,Samsung,2021
S649,Samsung Galaxy Z Fold5,Smartphone,Samsung,2022
S650,Samsung Galaxy A14,Smartphone,Samsung,2023
S651,Samsung Galaxy M34,Smartphone,Samsung,2023
S652,Samsung Galaxy A54,Smartphone,Samsung,2021
S653,Samsung Galaxy F54,Smartphone,Samsung,2022
S654,Samsung Galaxy M34,Smartphone,Samsung,2023
S655,Samsung Galaxy A24,Smartphone,Samsung,2023
S656,Samsung Galaxy XCover5,Smartphone,Samsung,2022
S657,Samsung Galaxy Tab S8+,Smartphone,Samsung,2022
S658,Samsung Galaxy A34,Smartphone,Samsung,2023
S659,Samsung Galaxy F54,Smartphone,Samsung,2023
S660,Samsung Galaxy Tab S8+,Smartphone,Samsung,2022
S661,Samsung Galaxy F04,Smartphone,Samsung,2023
S662,Samsung Galaxy M54,Smartphone,Samsung,2021
S663,Samsung Galaxy Tab S8 Ultra,Smartphone,Samsung,2021
S664,Samsung Galaxy Tab S8 Ultra,Smartphone,Samsung,2022
S665,Samsung Galaxy Tab S8,Smartphone,Samsung,2022
S666,Samsung Galaxy Tab S8 Ultra,Smartphone,Samsung,2022
S667,Samsung Galaxy A14,Smartphone,Samsung,2021
S668,Samsung Galaxy A24,Smartphone,Samsung,2023
S669,Samsung Galaxy M04,Smartphone,Samsung,2021
S670,Samsung Galaxy Z Fold5,Smartphone,Samsung,2023
S671,Samsung Galaxy F54,Smartphone,Samsung,2021
S672,Samsung Galaxy A24,Smartphone,Samsung,2023
S673,Samsung Galaxy Tab S8 Ultra,Smartphone,Samsung,2021
S674,Samsung Galaxy M14,Smartphone,Samsung,2022
S675,Samsung Galaxy M54,Smartphone,Samsung,2021
S676,Samsung Galaxy XCover6 Pro,Smartphone,Samsung,2023
S677,Samsung Galaxy A24,Smartphone,Samsung,2021
S678,Samsung Galaxy A04s,Smartphone,Samsung,2021
S679,Samsung Galaxy Tab S8 Ultra,Smartphone,Samsung,2021
S680,Samsung Galaxy XCover5,Smartphone,Samsung,2022
S681,Samsung Galaxy S23,Smartphone,Samsung,2021
S682,Samsung Galaxy A14,Smartphone,Samsung,2022
S683,Samsung Galaxy F54,Smartphone,Samsung,2022
S684,Samsung Galaxy F54,Smartphone,Samsung,2021
S685,Samsung Galaxy S23 Ultra,Smartphone,Samsung,2021
S686,Samsung Galaxy M04,Smartphone,Samsung,2021
S687,Samsung Galaxy S23 Ultra,Smartphone,Samsung,2023
S688,Samsung Galaxy F04,Smartphone,Samsung,2021
S689,Samsung Galaxy F54,Smartphone,Samsung,2022
S690,Samsung Galaxy Tab S8,Smartphone,Samsung,2021
S691,Samsung Galaxy M54,Smartphone,Samsung,2023
S692,Samsung Galaxy A04s,Smartphone,Samsung,2021
S693,Samsung Galaxy F54,Smartphone,Samsung,2023
S694,Samsung Galaxy XCover5,Smartphone,Samsung,2023
S695,Samsung Galaxy A54,Smartphone,Samsung,2021
S696,Samsung Galaxy F14,Smartphone,Samsung,2022
S697,Samsung Galaxy A04s,Smartphone,Samsung,2023
S698,Samsung Galaxy Tab S8+,Smartphone,Samsung,2021
S699,Samsung Galaxy Tab S8 Ultra,Smartphone,Samsung,2021
S700,Samsung Galaxy Tab S8,Smartphone,Samsung,2022
S701,Samsung Galaxy A54,Smartphone,Samsung,2023
S702,Samsung Galaxy F14,Smartphone,Samsung,2023
S703,Samsung Galaxy Z Fold5,Smartphone,Samsung,2021
S704,Samsung Galaxy Tab S8 Ultra,Smartphone,Samsung,2021
S705,Samsung Galaxy M04,Smartphone,Samsung,2022
S706,Samsung Galaxy XCover6 Pro,Smartphone,Samsung,2022
S707,Samsung Galaxy M04,Smartphone,Samsung,2023
S708,Samsung Galaxy M14,Smartphone,Samsung,2023
S709,Samsung Galaxy F14,Smartphone,Samsung,2021
S710,Samsung Galaxy F14,Smartphone,Samsung,2023
S711,Samsung Galaxy Z Fold5,Smartphone,Samsung,2022
S712,Samsung Galaxy F04,Smartphone,Samsung,2022
S713,Samsung Galaxy XCover6 Pro,Smartphone,Samsung,2021
S714,Samsung Galaxy A54,Smartphone,Samsung,2022
S715,Samsung Galaxy Tab S8,Smartphone,Samsung,2022
S716,Samsung Galaxy S23,Smartphone,Samsung,2022
S717,Samsung Galaxy S23,Smartphone,Samsung,2022
S718,Samsung Galaxy M34,Smartphone,Samsung,2021
S719,Samsung Galaxy Tab S8+,Smartphone,Samsung,2021
S720,Samsung Galaxy S23+,Smartphone,Samsung,2023
S721,Samsung Galaxy A14,Smartphone,Samsung,2022
S722,Samsung Galaxy M04,Smartphone,Samsung,2023
S723,Samsung Galaxy A14,Smartphone,Samsung,2021
S724,Samsung Galaxy A24,Smartphone,Samsung,2021
S725,Samsung Galaxy Tab S8 Ultra,Smartphone,Samsung,2021
S726,Samsung Galaxy A14,Smartphone,Samsung,2021
S727,Samsung Galaxy S23,Smartphone,Samsung,2021
S728,Samsung Galaxy Z Fold5,Smartphone,Samsung,2021
S729,Samsung Galaxy XCover6 Pro,Smartphone,Samsung,2021
S730,Samsung Galaxy M14,Smartphone,Samsung,2022
S731,Samsung Galaxy S23 Ultra,Smartphone,Samsung,2023
S732,Samsung Galaxy Z Flip5,Smartphone,Samsung,2021
S733,Samsung Galaxy XCover5,Smartphone,Samsung,2022
S734,Samsung Galaxy A14,Smartphone,Samsung,2022
S735,Samsung Galaxy XCover6 Pro,Smartphone,Samsung,2023
S736,Samsung Galaxy Tab S8,Smartphone,Samsung,2021
S737,Samsung Galaxy A24,Smartphone,Samsung,2023
S738,Samsung Galaxy F54,Smartphone,Samsung,2021
S739,Samsung Galaxy XCover6 Pro,Smartphone,Samsung,2022
S740,Samsung Galaxy F04,Smartphone,Samsung,2022
S741,Samsung Galaxy S23 Ultra,Smartphone,Samsung,2022
S742,Samsung Galaxy A04s,Smartphone,Samsung,2022
S743,Samsung Galaxy A14,Smartphone,Samsung,2023
S744,Samsung Galaxy A34,Smartphone,Samsung,2021
S745,Samsung Galaxy M04,Smartphone,Samsung,2021
S746,Samsung Galaxy Z Fold5,Smartphone,Samsung,2023
S747,Samsung Galaxy F04,Smartphone,Samsung,2021
S748,Samsung Galaxy F54,Smartphone,Samsung,2022
S749,Samsung Galaxy F04,Smartphone,Samsung,2021
S750,Samsung Galaxy Z Fold5,Smartphone,Samsung,2022
S751,Samsung Galaxy M14,Smartphone,Samsung,2023
S752,Samsung Galaxy A14,Smartphone,Samsung,2021
S753,Samsung Galaxy Tab S8 Ultra,Smartphone,Samsung,2023
S754,Samsung Galaxy A24,Smartphone,Samsung,2021
S755,Samsung Galaxy S23+,Smartphone,Samsung,2022
S756,Samsung Galaxy M34,Smartphone,Samsung,2023
S757,Samsung Galaxy M34,Smartphone,Samsung,2021
S758,Samsung Galaxy A14,Smartphone,Samsung,2022
S759,Samsung Galaxy XCover6 Pro,Smartphone,Samsung,2023
S760,Samsung Galaxy Tab S8+,Smartphone,Samsung,2023
S761,Samsung Galaxy Z Fold5,Smartphone,Samsung,2021
S762,Samsung Galaxy S23,Smartphone,Samsung,2021
S763,Samsung Galaxy M54,Smartphone,Samsung,2021
S764,Samsung Galaxy A54,Smartphone,Samsung,2022
S765,Samsung Galaxy A54,Smartphone,Samsung,2021
S766,Samsung Galaxy M34,Smartphone,Samsung,2023
S767,Samsung Galaxy Z Flip5,Smartphone,Samsung,2023
S768,Samsung Galaxy Tab S8 Ultra,Smartphone,Samsung,2021
S769,Samsung Galaxy XCover5,Smartphone,Samsung,2021
S770,Samsung Galaxy A34,Smartphone,Samsung,2023
S771,Samsung Galaxy XCover6 Pro,Smartphone,Samsung,2022
S772,Samsung Galaxy A34,Smartphone,Samsung,2021
S773,Samsung Galaxy F14,Smartphone,Samsung,2021
S774,Samsung Galaxy S23,Smartphone,Samsung,2023
S775,Samsung Galaxy F14,Smartphone,Samsung,2021
S776,Samsung Galaxy A34,Smartphone,Samsung,2022
S777,Samsung Galaxy M34,Smartphone,Samsung,2023
S778,Samsung Galaxy Tab S8 Ultra,Smartphone,Samsung,2021
S779,Samsung Galaxy Z Fold5,Smartphone,Samsung,2023
S780,Samsung Galaxy M14,Smartphone,Samsung,2021
S781,Samsung Galaxy Tab S8 Ultra,Smartphone,Samsung,2021
S782,Samsung Galaxy Tab S8+,Smartphone,Samsung,2021
S783,Samsung Galaxy M34,Smartphone,Samsung,2022
S784,Samsung Galaxy S23,Smartphone,Samsung,2022
S785,Samsung Galaxy A24,Smartphone,Samsung,2023
S786,Samsung Galaxy Tab S8+,Smartphone,Samsung,2021
S787,Samsung Galaxy A04s,Smartphone,Samsung,2021
S788,Samsung Galaxy S23+,Smartphone,Samsung,2022
S789,Samsung Galaxy Tab S8,Smartphone,Samsung,2021
S790,Samsung Galaxy Z Fold5,Smartphone,Samsung,2022
S791,Samsung Galaxy Tab S8+,Smartphone,Samsung,2021
S792,Samsung Galaxy M34,Smartphone,Samsung,2023
S793,Samsung Galaxy Tab S8 Ultra,Smartphone,Samsung,2021
S794,Samsung Galaxy XCover6 Pro,Smartphone,Samsung,2021
S795,Samsung Galaxy S23 Ultra,Smartphone,Samsung,2022
S796,Samsung Galaxy Z Fold5,Smartphone,Samsung,2021
S797,Samsung Galaxy A24,Smartphone,Samsung,2021
S798,Samsung Galaxy XCover6 Pro,Smartphone,Samsung,2022
S799,Samsung Galaxy M34,Smartphone,Samsung,2023
S800,Samsung Galaxy A54,Smartphone,Samsung,2023
S801,Samsung Galaxy A34,Smartphone,Samsung,2022
S802,Samsung Galaxy S23,Smartphone,Samsung,2022
S803,Samsung Galaxy M34,Smartphone,Samsung,2022
S804,Samsung Galaxy A24,Smartphone,Samsung,2022
S805,Samsung Galaxy A14,Smartphone,Samsung,2022
S806,Samsung Galaxy XCover6 Pro,Smartphone,Samsung,2023
S807,Samsung Galaxy A14,Smartphone,Samsung,2023
S808,Samsung Galaxy M04,Smartphone,Samsung,2022
S809,Samsung Galaxy S23+,Smartphone,Samsung,2021
S810,Samsung Galaxy Tab S8 Ultra,Smartphone,Samsung,2022
S811,Samsung Galaxy S23+,Smartphone,Samsung,2021
S812,Samsung Galaxy M34,Smartphone,Samsung,2022
S813,Samsung Galaxy A54,Smartphone,Samsung,2022
S814,Samsung Galaxy F14,Smartphone,Samsung,2023
S815,Samsung Galaxy Tab S8+,Smartphone,Samsung,2021
S816,Samsung Galaxy F04,Smartphone,Samsung,2021
S817,Samsung Galaxy F54,Smartphone,Samsung,2023
S818,Samsung Galaxy Z Fold5,Smartphone,Samsung,2023
S819,Samsung Galaxy XCover5,Smartphone,Samsung,2023
S820,Samsung Galaxy M04,Smartphone,Samsung,2023
S821,Samsung Galaxy M14,Smartphone,Samsung,2021
S822,Samsung Galaxy M54,Smartphone,Samsung,2021
S823,Samsung Galaxy Tab S8 Ultra,Smartphone,Samsung,2022
S824,Samsung Galaxy A34,Smartphone,Samsung,2022
S825,Samsung Galaxy A34,Smartphone,Samsung,2023
S826,Samsung Galaxy F14,Smartphone,Samsung,2023
S827,Samsung Galaxy Tab S8+,Smartphone,Samsung,2023
S828,Samsung Galaxy F14,Smartphone,Samsung,2022
S829,Samsung Galaxy Z Fold5,Smartphone,Samsung,2022
S830,Samsung Galaxy A04s,Smartphone,Samsung,2022
S831,Samsung Galaxy Z Fold5,Smartphone,Samsung,2022
S832,Samsung Galaxy A04s,Smartphone,Samsung,2022
S833,Samsung Galaxy S23 Ultra,Smartphone,Samsung,2022
S834,Samsung Galaxy XCover5,Smartphone,Samsung,2022
S835,Samsung Galaxy F14,Smartphone,Samsung,2023
S836,Samsung Galaxy A04s,Smartphone,Samsung,2023
S837,Samsung Galaxy S23 Ultra,Smartphone,Samsung,2023
S838,Samsung Galaxy A54,Smartphone,Samsung,2023
S839,Samsung Galaxy M34,Smartphone,Samsung,2022
S840,Samsung Galaxy A04s,Smartphone,Samsung,2021
S841,Samsung Galaxy A54,Smartphone,Samsung,2022
S842,Samsung Galaxy M54,Smartphone,Samsung,2021
S843,Samsung Galaxy XCover5,Smartphone,Samsung,2023
S844,Samsung Galaxy S23 Ultra,Smartphone,Samsung,2022
S845,Samsung Galaxy Z Flip5,Smartphone,Samsung,2023
S846,Samsung Galaxy Z Flip5,Smartphone,Samsung,2022
S847,Samsung Galaxy Tab S8,Smartphone,Samsung,2023
S848,Samsung Galaxy A04s,Smartphone,Samsung,2021
S849,Samsung Galaxy A14,Smartphone,Samsung,2021
S850,Samsung Galaxy XCover5,Smartphone,Samsung,2021
S851,Samsung Galaxy Tab S8+,Smartphone,Samsung,2022
S852,Samsung Galaxy S23 Ultra,Smartphone,Samsung,2021
S853,Samsung Galaxy M54,Smartphone,Samsung,2022
S854,Samsung Galaxy Z Flip5,Smartphone,Samsung,2021
S855,Samsung Galaxy F04,Smartphone,Samsung,2021
S856,Samsung Galaxy M54,Smartphone,Samsung,2022
S857,Samsung Galaxy S23 Ultra,Smartphone,Samsung,2022
S858,Samsung Galaxy F04,Smartphone,Samsung,2021
S859,Samsung Galaxy M14,Smartphone,Samsung,2022
S860,Samsung Galaxy F54,Smartphone,Samsung,2021
S861,Samsung Galaxy M54,Smartphone,Samsung,2022
S862,Samsung Galaxy Tab S8+,Smartphone,Samsung,2023
S863,Samsung Galaxy Z Fold5,Smartphone,Samsung,2023
S864,Samsung Galaxy A04s,Smartphone,Samsung,2023
S865,Samsung Galaxy Z Fold5,Smartphone,Samsung,2023
S866,Samsung Galaxy A54,Smartphone,Samsung,2023
S867,Samsung Galaxy S23+,Smartphone,Samsung,2021
S868,Samsung Galaxy M14,Smartphone,Samsung,2023
S869,Samsung Galaxy Tab S8 Ultra,Smartphone,Samsung,2023
S870,Samsung Galaxy M04,Smartphone,Samsung,2023
S871,Samsung Galaxy A34,Smartphone,Samsung,2023
S872,Samsung Galaxy M34,Smartphone,Samsung,2022
S873,Samsung Galaxy S23,Smartphone,Samsung,2021
S874,Samsung Galaxy F14,Smartphone,Samsung,2023
S875,Samsung Galaxy A24,Smartphone,Samsung,2023
S876,Samsung Galaxy F04,Smartphone,Samsung,2023
S877,Samsung Galaxy F54,Smartphone,Samsung,2021
S878,Samsung Galaxy Z Flip5,Smartphone,Samsung,2022
S879,Samsung Galaxy M04,Smartphone,Samsung,2021
S880,Samsung Galaxy XCover6 Pro,Smartphone,Samsung,2022
S881,Samsung Galaxy M34,Smartphone,Samsung,2023
S882,Samsung Galaxy M04,Smartphone,Samsung,2023
S883,Samsung Galaxy F54,Smartphone,Samsung,2021
S884,Samsung Galaxy F04,Smartphone,Samsung,2021
S885,Samsung Galaxy F54,Smartphone,Samsung,2022
S886,Samsung Galaxy M14,Smartphone,Samsung,2022
S887,Samsung Galaxy A14,Smartphone,Samsung,2021
S888,Samsung Galaxy A24,Smartphone,Samsung,2022
S889,Samsung Galaxy A54,Smartphone,Samsung,2021
S890,Samsung Galaxy A04s,Smartphone,Samsung,2022
S891,Samsung Galaxy A34,Smartphone,Samsung,2021
S892,Samsung Galaxy A24,Smartphone,Samsung,2021
S893,Samsung Galaxy XCover6 Pro,Smartphone,Samsung,2021
S894,Samsung Galaxy M54,Smartphone,Samsung,2022
S895,Samsung Galaxy A24,Smartphone,Samsung,2022
S896,Samsung Galaxy F54,Smartphone,Samsung,2022
S897,Samsung Galaxy XCover6 Pro,Smartphone,Samsung,2021
S898,Samsung Galaxy XCover5,Smartphone,Samsung,2022
S899,Samsung Galaxy A04s,Smartphone,Samsung,2022
S900,Samsung Galaxy M14,Smartphone,Samsung,2021
S901,Samsung Galaxy Z Flip5,Smartphone,Samsung,2023
S902,Samsung Galaxy Tab S8,Smartphone,Samsung,2021
S903,Samsung Galaxy S23,Smartphone,Samsung,2022
S904,Samsung Galaxy A14,Smartphone,Samsung,2021
S905,Samsung Galaxy F54,Smartphone,Samsung,2023
S906,Samsung Galaxy S23+,Smartphone,Samsung,2021
S907,Samsung Galaxy F04,Smartphone,Samsung,2022
S908,Samsung Galaxy S23 Ultra,Smartphone,Samsung,2023
S909,Samsung Galaxy Z Flip5,Smartphone,Samsung,2022
S910,Samsung Galaxy A54,Smartphone,Samsung,2023
S911,Samsung Galaxy F04,Smartphone,Samsung,2023
S912,Samsung Galaxy F04,Smartphone,Samsung,2021
S913,Samsung Galaxy Z Fold5,Smartphone,Samsung,2021
S914,Samsung Galaxy M54,Smartphone,Samsung,2022
S915,Samsung Galaxy M54,Smartphone,Samsung,2021
S916,Samsung Galaxy A34,Smartphone,Samsung,2021
S917,Samsung Galaxy Tab S8,Smartphone,Samsung,2023
S918,Samsung Galaxy Tab S8 Ultra,Smartphone,Samsung,2021
S919,Samsung Galaxy XCover6 Pro,Smartphone,Samsung,2023
S920,Samsung Galaxy A04s,Smartphone,Samsung,2023
S921,Samsung Galaxy XCover6 Pro,Smartphone,Samsung,2023
S922,Samsung Galaxy S23+,Smartphone,Samsung,2022
S923,Samsung Galaxy F14,Smartphone,Samsung,2022
S924,Samsung Galaxy M54,Smartphone,Samsung,2022
S925,Samsung Galaxy XCover6 Pro,Smartphone,Samsung,2023
S926,Samsung Galaxy A04s,Smartphone,Samsung,2022
S927,Samsung Galaxy M34,Smartphone,Samsung,2022
S928,Samsung Galaxy A04s,Smartphone,Samsung,2021
S929,Samsung Galaxy M54,Smartphone,Samsung,2022
S930,Samsung Galaxy XCover6 Pro,Smartphone,Samsung,2022
S931,Samsung Galaxy A04s,Smartphone,Samsung,2023
S932,Samsung Galaxy A24,Smartphone,Samsung,2023
S933,Samsung Galaxy XCover5,Smartphone,Samsung,2023
S934,Samsung Galaxy S23 Ultra,Smartphone,Samsung,2023
S935,Samsung Galaxy Z Fold5,Smartphone,Samsung,2023
S936,Samsung Galaxy Tab S8+,Smartphone,Samsung,2023
S937,Samsung Galaxy F54,Smartphone,Samsung,2022
S938,Samsung Galaxy F54,Smartphone,Samsung,2023
S939,Samsung Galaxy Tab S8 Ultra,Smartphone,Samsung,2023
S940,Samsung Galaxy M54,Smartphone,Samsung,2021
S941,Samsung Galaxy M34,Smartphone,Samsung,2022
S942,Samsung Galaxy M14,Smartphone,Samsung,2022
S943,Samsung Galaxy S23,Smartphone,Samsung,2022
S944,Samsung Galaxy XCover5,Smartphone,Samsung,2023
S945,Samsung Galaxy A24,Smartphone,Samsung,2023
S946,Samsung Galaxy Tab S8 Ultra,Smartphone,Samsung,2023
S947,Samsung Galaxy Tab S8 Ultra,Smartphone,Samsung,2021
S948,Samsung Galaxy XCover5,Smartphone,Samsung,2023
S949,Samsung Galaxy XCover6 Pro,Smartphone,Samsung,2021
S950,Samsung Galaxy M34,Smartphone,Samsung,2022
S951,Samsung Galaxy S23,Smartphone,Samsung,2023
S952,Samsung Galaxy XCover5,Smartphone,Samsung,2021
S953,Samsung Galaxy Tab S8,Smartphone,Samsung,2021
S954,Samsung Galaxy M04,Smartphone,Samsung,2023
S955,Samsung Galaxy A34,Smartphone,Samsung,2022
S956,Samsung Galaxy S23 Ultra,Smartphone,Samsung,2022
S957,Samsung Galaxy S23+,Smartphone,Samsung,2022
S958,Samsung Galaxy S23 Ultra,Smartphone,Samsung,2021
S959,Samsung Galaxy Z Flip5,Smartphone,Samsung,2021
S960,Samsung Galaxy F04,Smartphone,Samsung,2021
S961,Samsung Galaxy A54,Smartphone,Samsung,2021
S962,Samsung Galaxy M54,Smartphone,Samsung,2022
S963,Samsung Galaxy Tab S8 Ultra,Smartphone,Samsung,2023
S964,Samsung Galaxy Tab S8 Ultra,Smartphone,Samsung,2021
S965,Samsung Galaxy F04,Smartphone,Samsung,2021
S966,Samsung Galaxy F04,Smartphone,Samsung,2022
S967,Samsung Galaxy S23 Ultra,Smartphone,Samsung,2023
S968,Samsung Galaxy M54,Smartphone,Samsung,2023
S969,Samsung Galaxy F54,Smartphone,Samsung,2022
S970,Samsung Galaxy Z Flip5,Smartphone,Samsung,2022
S971,Samsung Galaxy M34,Smartphone,Samsung,2023
S972,Samsung Galaxy Tab S8 Ultra,Smartphone,Samsung,2021
S973,Samsung Galaxy Tab S8+,Smartphone,Samsung,2023
S974,Samsung Galaxy Z Flip5,Smartphone,Samsung,2022
S975,Samsung Galaxy Tab S8+,Smartphone,Samsung,2021
S976,Samsung Galaxy M14,Smartphone,Samsung,2021
S977,Samsung Galaxy S23,Smartphone,Samsung,2022
S978,Samsung Galaxy A54,Smartphone,Samsung,2022
S979,Samsung Galaxy XCover5,Smartphone,Samsung,2022
S980,Samsung Galaxy A24,Smartphone,Samsung,2023
S981,Samsung Galaxy A24,Smartphone,Samsung,2023
S982,Samsung Galaxy M54,Smartphone,Samsung,2021
S983,Samsung Galaxy A24,Smartphone,Samsung,2022
S984,Samsung Galaxy XCover6 Pro,Smartphone,Samsung,2021
S985,Samsung Galaxy A04s,Smartphone,Samsung,2021
S986,Samsung Galaxy S23,Smartphone,Samsung,2021
S987,Samsung Galaxy Tab S8+,Smartphone,Samsung,2021
S988,Samsung Galaxy Z Fold5,Smartphone,Samsung,2022
S989,Samsung Galaxy M54,Smartphone,Samsung,2021
S990,Samsung Galaxy M34,Smartphone,Samsung,2022
S991,Samsung Galaxy XCover6 Pro,Smartphone,Samsung,2022
S992,Samsung Galaxy XCover5,Smartphone,Samsung,2023
S993,Samsung Galaxy A04s,Smartphone,Samsung,2022
S994,Samsung Galaxy Z Flip5,Smartphone,Samsung,2023
S995,Samsung Galaxy XCover5,Smartphone,Samsung,2022
S996,Samsung Galaxy F14,Smartphone,Samsung,2022
S997,Samsung Galaxy Z Fold5,Smartphone,Samsung,2022
S998,Samsung Galaxy XCover6 Pro,Smartphone,Samsung,2023
S999,Samsung Galaxy F04,Smartphone,Samsung,2023
S1000,Samsung Galaxy Tab S8,Smartphone,Samsung,2021
